[{"family":"MaterialIcons","fonts":[{"asset":"fonts/MaterialIcons-Regular.otf"}]},{"family":"Roboto","fonts":[{"style":"italic","asset":"assets/fonts/roboto/Roboto-Italic.ttf"},{"weight":100,"asset":"assets/fonts/roboto/Roboto-Light.ttf"},{"weight":200,"asset":"assets/fonts/roboto/Roboto-Light.ttf"},{"weight":300,"asset":"assets/fonts/roboto/Roboto-Light.ttf"},{"weight":400,"asset":"assets/fonts/roboto/Roboto-Regular.ttf"},{"weight":500,"asset":"assets/fonts/roboto/Roboto-Medium.ttf"},{"weight":600,"asset":"assets/fonts/roboto/Roboto-Medium.ttf"},{"weight":700,"asset":"assets/fonts/roboto/Roboto-Bold.ttf"},{"weight":800,"asset":"assets/fonts/roboto/Roboto-Bold.ttf"},{"weight":900,"asset":"assets/fonts/roboto/Roboto-Bold.ttf"}]},{"family":"RobotoCondensed","fonts":[{"weight":100,"asset":"assets/fonts/roboto_condensed/RobotoCondensed-Light.ttf"},{"weight":200,"asset":"assets/fonts/roboto_condensed/RobotoCondensed-Light.ttf"},{"weight":300,"asset":"assets/fonts/roboto_condensed/RobotoCondensed-Light.ttf"},{"weight":400,"asset":"assets/fonts/roboto_condensed/RobotoCondensed-Regular.ttf"},{"weight":500,"asset":"assets/fonts/roboto_condensed/RobotoCondensed-Regular.ttf"},{"weight":600,"asset":"assets/fonts/roboto_condensed/RobotoCondensed-Regular.ttf"},{"weight":700,"asset":"assets/fonts/roboto_condensed/RobotoCondensed-Bold.ttf"},{"weight":800,"asset":"assets/fonts/roboto_condensed/RobotoCondensed-Bold.ttf"},{"weight":900,"asset":"assets/fonts/roboto_condensed/RobotoCondensed-Bold.ttf"},{"style":"italic","asset":"assets/fonts/roboto_condensed/RobotoCondensed-Italic.ttf"}]},{"family":"Inter","fonts":[{"weight":100,"asset":"assets/fonts/inter/Inter-Thin.ttf"},{"weight":200,"asset":"assets/fonts/inter/Inter-ExtraLight.ttf"},{"weight":300,"asset":"assets/fonts/inter/Inter-Light.ttf"},{"weight":400,"asset":"assets/fonts/inter/Inter-Regular.ttf"},{"weight":500,"asset":"assets/fonts/inter/Inter-Medium.ttf"},{"weight":600,"asset":"assets/fonts/inter/Inter-SemiBold.ttf"},{"weight":700,"asset":"assets/fonts/inter/Inter-Bold.ttf"},{"weight":800,"asset":"assets/fonts/inter/Inter-ExtraBold.ttf"},{"weight":900,"asset":"assets/fonts/inter/Inter-Black.ttf"},{"style":"italic","asset":"assets/fonts/inter/Inter-Italic.ttf"}]},{"family":"packages/cupertino_icons/CupertinoIcons","fonts":[{"asset":"packages/cupertino_icons/assets/CupertinoIcons.ttf"}]},{"family":"packages/elevarm_ui/Inter","fonts":[{"weight":400,"asset":"packages/elevarm_ui/assets/google_fonts/inter/Inter-Regular.ttf"},{"weight":500,"asset":"packages/elevarm_ui/assets/google_fonts/inter/Inter-Medium.ttf"},{"weight":600,"asset":"packages/elevarm_ui/assets/google_fonts/inter/Inter-SemiBold.ttf"},{"weight":700,"asset":"packages/elevarm_ui/assets/google_fonts/inter/Inter-Bold.ttf"}]},{"family":"packages/elevarm_ui/Poppins","fonts":[{"weight":400,"asset":"packages/elevarm_ui/assets/google_fonts/poppins/Poppins-Regular.ttf"},{"weight":500,"asset":"packages/elevarm_ui/assets/google_fonts/poppins/Poppins-Medium.ttf"},{"weight":500,"style":"italic","asset":"packages/elevarm_ui/assets/google_fonts/poppins/Poppins-MediumItalic.ttf"},{"weight":600,"asset":"packages/elevarm_ui/assets/google_fonts/poppins/Poppins-SemiBold.ttf"},{"weight":600,"style":"italic","asset":"packages/elevarm_ui/assets/google_fonts/poppins/Poppins-SemiBoldItalic.ttf"},{"weight":700,"asset":"packages/elevarm_ui/assets/google_fonts/poppins/Poppins-Bold.ttf"},{"weight":700,"style":"italic","asset":"packages/elevarm_ui/assets/google_fonts/poppins/Poppins-BoldItalic.ttf"}]}]